condition	timepoint	predicted_moa	confidence	prob_CDK_inhibitor	prob_DNA_damaging	prob_HDAC_inhibitor	prob_MDM2_inhibitor	prob_Negative_control	prob_Proteasome_inhibitor
Drug_2xEC50	24h	HDAC_inhibitor	0.4866666666666667	0.043333333333333335	0.21	0.4866666666666667	0.22666666666666666	0.016666666666666666	0.016666666666666666
Drug_2xEC50	4h	Negative_control	0.7166666666666667	0.006666666666666667	0.02666666666666667	0.10333333333333333	0.03333333333333333	0.7166666666666667	0.11333333333333333
Drug_2xEC50	8h	CDK_inhibitor	0.43666666666666665	0.43666666666666665	0.08333333333333333	0.09	0.11333333333333333	0.22333333333333333	0.05333333333333334
Drug_EC50	24h	Negative_control	0.2866666666666667	0.13666666666666666	0.08333333333333333	0.16	0.20666666666666667	0.2866666666666667	0.12666666666666668
Drug_EC50	4h	CDK_inhibitor	0.4033333333333333	0.4033333333333333	0.06666666666666667	0.04666666666666667	0.07333333333333333	0.37666666666666665	0.03333333333333333
Drug_EC50	8h	CDK_inhibitor	0.5233333333333333	0.5233333333333333	0.15666666666666668	0.006666666666666667	0.03333333333333333	0.20333333333333334	0.07666666666666666
